,Connections,Flagle,Framed,Octordle,Waffle,Wordle,Worldle
2022-03-15,,,,,,2.0,2.0
2022-03-16,,,,,,5.0,
2022-03-17,,,,,,,
2022-03-18,,,,,,3.0,
2022-03-19,,,,,,5.0,1.0
2022-03-20,,,,,,,7.0
2022-03-21,,,,,,,
2022-03-22,,,,,,,3.0
2022-03-23,,,,,,3.0,
2022-03-24,,,,,,3.0,1.0
2022-03-25,,,,,,,
2022-03-26,,,,,,4.0,
2022-03-27,,,,,,,
2022-03-28,,,,,,5.0,1.0
2022-03-29,,,,,,4.0,1.0
2022-03-30,,,,,,,
2022-03-31,,,,,,6.0,7.0
2022-04-01,,,,11.0,,,7.0
2022-04-02,,,,,,,5.0
2022-04-03,,,,,,6.0,
2022-04-04,,,,,,4.0,
2022-04-05,,,,,,,1.0
2022-04-06,,,,,,4.0,
2022-04-07,,,,,,4.0,
2022-04-08,,,,,,,
2022-04-09,,,,,,2.0,
2022-04-10,,,,,,4.0,5.0
2022-04-11,,,,,,3.0,
2022-04-12,,,,,,,
2022-04-13,,,,,,3.0,2.0
2022-04-14,,,,,,3.0,
2022-04-15,,,,12.0,,,3.0
2022-04-16,,,,12.0,,5.0,
2022-04-17,,,,12.0,,3.0,6.0
2022-04-18,,,,12.0,,,7.0
2022-04-19,,,,13.0,,4.0,3.0
2022-04-20,,,,13.0,,,7.0
2022-04-21,,,,12.0,,5.0,3.0
2022-04-22,,,,,,3.0,7.0
2022-04-23,,,,12.0,,5.0,
2022-04-24,,,,11.0,,2.0,2.0
2022-04-25,,,,13.0,,4.0,7.0
2022-04-26,,,,13.0,,3.0,7.0
2022-04-27,,,,11.0,,4.0,6.0
2022-04-28,,,,14.0,,5.0,5.0
2022-04-29,,,,12.0,,3.0,7.0
2022-04-30,,,,12.0,,6.0,4.0
2022-05-01,,,,13.0,,4.0,2.0
2022-05-02,,,,11.0,,4.0,1.0
2022-05-03,,,,11.0,5.0,4.0,5.0
2022-05-04,,,,12.0,5.0,3.0,7.0
2022-05-05,,,,13.0,3.0,3.0,4.0
2022-05-06,,,,11.0,5.0,4.0,6.0
2022-05-07,,,,12.0,2.0,3.0,7.0
2022-05-08,,,,10.0,,,
2022-05-09,,,,11.0,4.0,4.0,5.0
2022-05-10,,,,11.0,2.0,3.0,5.0
2022-05-11,,,,13.0,3.0,4.0,7.0
2022-05-12,,,,12.0,4.0,4.0,
2022-05-13,,,,13.0,4.0,4.0,7.0
2022-05-14,,,,11.0,4.0,,6.0
2022-05-15,,,,12.0,1.0,6.0,2.0
2022-05-16,,,,13.0,4.0,4.0,3.0
2022-05-17,,,,12.0,2.0,4.0,7.0
2022-05-18,,,,12.0,2.0,3.0,2.0
2022-05-19,,,,13.0,4.0,6.0,4.0
2022-05-20,,,,,,,
2022-05-21,,,,,,,
2022-05-22,,,,12.0,2.0,3.0,3.0
2022-05-23,,,,14.0,4.0,4.0,6.0
2022-05-24,,,,13.0,4.0,4.0,4.0
2022-05-25,,,,10.0,2.0,4.0,7.0
2022-05-26,,,,11.0,4.0,3.0,6.0
2022-05-27,,,,13.0,3.0,3.0,6.0
2022-05-28,,,,,4.0,4.0,4.0
2022-05-29,,,,14.0,2.0,5.0,7.0
2022-05-30,,,,12.0,3.0,3.0,3.0
2022-05-31,,,,12.0,3.0,3.0,4.0
2022-06-01,,,,12.0,2.0,5.0,7.0
2022-06-02,,,,12.0,4.0,5.0,1.0
2022-06-03,,,,12.0,1.0,3.0,7.0
2022-06-04,,,,11.0,3.0,5.0,4.0
2022-06-05,,,,,,,
2022-06-06,,,,13.0,4.0,3.0,6.0
2022-06-07,,,,11.0,1.0,3.0,2.0
2022-06-08,,,,14.0,3.0,6.0,7.0
2022-06-09,,,,10.0,4.0,3.0,5.0
2022-06-10,,,,13.0,3.0,4.0,2.0
2022-06-11,,,,12.0,2.0,5.0,2.0
2022-06-12,,,,,2.0,3.0,2.0
2022-06-13,,,,,,4.0,4.0
2022-06-14,,,,,2.0,2.0,2.0
2022-06-15,,,,12.0,3.0,4.0,5.0
2022-06-16,,,,10.0,4.0,3.0,3.0
2022-06-17,,,,14.0,4.0,5.0,6.0
2022-06-18,,,,11.0,2.0,5.0,2.0
2022-06-19,,,,,,,3.0
2022-06-20,,,,11.0,4.0,5.0,5.0
2022-06-21,,,,12.0,5.0,5.0,3.0
2022-06-22,,,,12.0,4.0,4.0,2.0
2022-06-23,,,,14.0,5.0,6.0,7.0
2022-06-24,,,,13.0,3.0,3.0,1.0
2022-06-25,,,,13.0,3.0,5.0,2.0
2022-06-26,,,,12.0,4.0,3.0,1.0
2022-06-27,,,,13.0,3.0,3.0,4.0
2022-06-28,,,,11.0,2.0,5.0,1.0
2022-06-29,,,,11.0,3.0,5.0,7.0
2022-06-30,,,,13.0,3.0,5.0,4.0
2022-07-01,,,,11.0,1.0,4.0,3.0
2022-07-02,,,,12.0,3.0,4.0,7.0
2022-07-03,,,,11.0,4.0,4.0,4.0
2022-07-04,,,,12.0,3.0,3.0,6.0
2022-07-05,,,,10.0,3.0,4.0,4.0
2022-07-06,,,,13.0,2.0,5.0,2.0
2022-07-07,,,,12.0,3.0,4.0,1.0
2022-07-08,,,,13.0,5.0,3.0,7.0
2022-07-09,,,,14.0,1.0,5.0,3.0
2022-07-10,,,,12.0,5.0,4.0,7.0
2022-07-11,,,,13.0,1.0,5.0,1.0
2022-07-12,,,,14.0,4.0,4.0,4.0
2022-07-13,,,,12.0,4.0,4.0,2.0
2022-07-14,,,,12.0,2.0,5.0,1.0
2022-07-15,,,,12.0,1.0,4.0,5.0
2022-07-16,,,,11.0,1.0,3.0,7.0
2022-07-17,,,,12.0,1.0,4.0,3.0
2022-07-18,,,,11.0,4.0,3.0,1.0
2022-07-19,,,,14.0,0.0,2.0,1.0
2022-07-20,,,,11.0,5.0,4.0,3.0
2022-07-21,,,,14.0,2.0,4.0,1.0
2022-07-22,,,,14.0,5.0,5.0,7.0
2022-07-23,,,,11.0,5.0,5.0,7.0
2022-07-24,,,,13.0,4.0,4.0,4.0
2022-07-25,,,,11.0,4.0,5.0,2.0
2022-07-26,,,,14.0,4.0,6.0,4.0
2022-07-27,,5.0,,12.0,4.0,4.0,1.0
2022-07-28,,2.0,,11.0,5.0,6.0,6.0
2022-07-29,,,,13.0,4.0,5.0,6.0
2022-07-30,,2.0,,13.0,3.0,4.0,7.0
2022-07-31,,7.0,1.0,10.0,3.0,4.0,6.0
2022-08-01,,5.0,1.0,12.0,3.0,4.0,4.0
2022-08-02,,6.0,5.0,12.0,3.0,5.0,1.0
2022-08-03,,5.0,7.0,12.0,5.0,5.0,1.0
2022-08-04,,3.0,5.0,12.0,4.0,5.0,1.0
2022-08-05,,2.0,3.0,11.0,2.0,6.0,4.0
2022-08-06,,5.0,4.0,12.0,5.0,4.0,1.0
2022-08-07,,4.0,5.0,14.0,4.0,5.0,4.0
2022-08-08,,4.0,6.0,13.0,1.0,3.0,7.0
2022-08-09,,6.0,3.0,12.0,4.0,5.0,3.0
2022-08-10,,7.0,7.0,11.0,2.0,4.0,2.0
2022-08-11,,3.0,2.0,13.0,4.0,3.0,3.0
2022-08-12,,2.0,5.0,14.0,4.0,3.0,5.0
2022-08-13,,4.0,4.0,11.0,4.0,5.0,5.0
2022-08-14,,6.0,6.0,12.0,4.0,5.0,3.0
2022-08-15,,4.0,1.0,14.0,4.0,3.0,1.0
2022-08-16,,5.0,7.0,10.0,4.0,5.0,6.0
2022-08-17,,7.0,3.0,12.0,5.0,4.0,1.0
2022-08-18,,2.0,1.0,13.0,4.0,4.0,4.0
2022-08-19,,5.0,1.0,13.0,2.0,4.0,6.0
2022-08-20,,,,,,,
2022-08-21,,5.0,2.0,,4.0,4.0,7.0
2022-08-22,,6.0,3.0,11.0,4.0,5.0,1.0
2022-08-23,,4.0,7.0,11.0,3.0,4.0,2.0
2022-08-24,,4.0,7.0,13.0,1.0,5.0,1.0
2022-08-25,,2.0,2.0,12.0,3.0,4.0,3.0
2022-08-26,,3.0,3.0,12.0,3.0,4.0,7.0
2022-08-27,,2.0,5.0,12.0,2.0,4.0,2.0
2022-08-28,,3.0,1.0,13.0,3.0,4.0,7.0
2022-08-29,,7.0,5.0,13.0,0.0,4.0,2.0
2022-08-30,,3.0,3.0,13.0,3.0,4.0,6.0
2022-08-31,,3.0,7.0,13.0,1.0,6.0,1.0
2022-09-01,,4.0,7.0,12.0,2.0,5.0,2.0
2022-09-02,,5.0,7.0,11.0,4.0,3.0,1.0
2022-09-03,,7.0,3.0,12.0,2.0,4.0,6.0
2022-09-04,,,5.0,12.0,1.0,4.0,1.0
2022-09-05,,4.0,4.0,12.0,1.0,4.0,2.0
2022-09-06,,2.0,7.0,11.0,1.0,5.0,3.0
2022-09-07,,4.0,6.0,11.0,3.0,2.0,3.0
2022-09-08,,,1.0,,,,
2022-09-09,,2.0,,,,,
2022-09-10,,,,,,,
2022-09-11,,,,,,,
2022-09-12,,,,,,,
2022-09-13,,,,,,,
2022-09-14,,,,,,,
2022-09-15,,3.0,2.0,,,3.0,
2022-09-16,,2.0,5.0,13.0,5.0,3.0,1.0
2022-09-17,,2.0,5.0,14.0,3.0,3.0,3.0
2022-09-18,,4.0,3.0,12.0,-1.0,3.0,2.0
2022-09-19,,2.0,4.0,13.0,2.0,6.0,6.0
2022-09-20,,5.0,7.0,14.0,3.0,4.0,3.0
2022-09-21,,2.0,7.0,13.0,3.0,5.0,6.0
2022-09-22,,3.0,5.0,12.0,3.0,3.0,6.0
2022-09-23,,4.0,5.0,11.0,3.0,3.0,7.0
2022-09-24,,2.0,7.0,11.0,4.0,,1.0
2022-09-25,,2.0,6.0,12.0,4.0,5.0,4.0
2022-09-26,,3.0,3.0,11.0,3.0,4.0,3.0
2022-09-27,,6.0,2.0,11.0,,,3.0
2022-09-28,,,,,2.0,3.0,6.0
2022-09-29,,1.0,7.0,13.0,4.0,5.0,5.0
2022-09-30,,2.0,3.0,10.0,2.0,4.0,1.0
2022-10-01,,3.0,2.0,13.0,3.0,6.0,6.0
2022-10-02,,7.0,1.0,13.0,4.0,3.0,3.0
2022-10-03,,6.0,5.0,12.0,4.0,3.0,4.0
2022-10-04,,4.0,3.0,14.0,3.0,4.0,5.0
2022-10-05,,3.0,7.0,13.0,2.0,2.0,1.0
2022-10-06,,4.0,7.0,11.0,3.0,3.0,5.0
2022-10-07,,7.0,6.0,13.0,4.0,5.0,6.0
2022-10-08,,7.0,7.0,13.0,2.0,4.0,5.0
2022-10-09,,4.0,7.0,13.0,4.0,5.0,5.0
2022-10-10,,3.0,7.0,14.0,2.0,4.0,1.0
2022-10-11,,2.0,5.0,12.0,5.0,3.0,7.0
2022-10-12,,4.0,3.0,13.0,2.0,6.0,4.0
2022-10-13,,2.0,7.0,11.0,1.0,3.0,5.0
2022-10-14,,5.0,5.0,11.0,0.0,4.0,3.0
2022-10-15,,,,12.0,5.0,6.0,1.0
2022-10-16,,3.0,3.0,12.0,4.0,4.0,5.0
2022-10-17,,6.0,4.0,12.0,2.0,3.0,4.0
2022-10-18,,2.0,3.0,11.0,3.0,4.0,
2022-10-19,,3.0,7.0,12.0,2.0,3.0,2.0
2022-10-20,,4.0,4.0,13.0,1.0,3.0,3.0
2022-10-21,,3.0,2.0,13.0,3.0,3.0,4.0
2022-10-22,,2.0,2.0,12.0,4.0,5.0,1.0
2022-10-23,,2.0,5.0,12.0,5.0,5.0,1.0
2022-10-24,,4.0,6.0,10.0,5.0,4.0,1.0
2022-10-25,,3.0,3.0,10.0,4.0,,3.0
2022-10-26,,6.0,7.0,10.0,5.0,4.0,2.0
2022-10-27,,4.0,1.0,11.0,4.0,4.0,4.0
2022-10-28,,7.0,4.0,13.0,3.0,3.0,2.0
2022-10-29,,3.0,7.0,13.0,4.0,4.0,4.0
2022-10-30,,3.0,4.0,13.0,5.0,4.0,7.0
2022-10-31,,3.0,7.0,11.0,5.0,4.0,2.0
2022-11-01,,4.0,1.0,12.0,3.0,5.0,1.0
2022-11-02,,4.0,7.0,11.0,2.0,4.0,6.0
2022-11-03,,6.0,3.0,12.0,-1.0,3.0,2.0
2022-11-04,,3.0,3.0,,4.0,4.0,2.0
2022-11-05,,5.0,6.0,10.0,2.0,3.0,3.0
2022-11-06,,3.0,1.0,14.0,2.0,3.0,3.0
2022-11-07,,3.0,3.0,11.0,5.0,4.0,1.0
2022-11-08,,5.0,2.0,12.0,4.0,3.0,3.0
2022-11-09,,4.0,2.0,11.0,2.0,3.0,3.0
2022-11-10,,1.0,4.0,12.0,3.0,4.0,5.0
2022-11-11,,3.0,2.0,13.0,3.0,5.0,4.0
2022-11-12,,4.0,4.0,10.0,4.0,4.0,7.0
2022-11-13,,3.0,2.0,12.0,2.0,4.0,2.0
2022-11-14,,2.0,,11.0,4.0,3.0,5.0
2022-11-15,,,,,,,
2022-11-16,,4.0,6.0,11.0,5.0,6.0,4.0
2022-11-17,,3.0,6.0,11.0,4.0,3.0,2.0
2022-11-18,,,,,,,
2022-11-19,,5.0,4.0,10.0,3.0,3.0,5.0
2022-11-20,,,,,,,
2022-11-21,,4.0,4.0,11.0,2.0,4.0,3.0
2022-11-22,,2.0,4.0,11.0,4.0,4.0,2.0
2022-11-23,,5.0,7.0,13.0,4.0,3.0,5.0
2022-11-24,,4.0,7.0,12.0,3.0,3.0,6.0
2022-11-25,,4.0,3.0,10.0,4.0,2.0,5.0
2022-11-26,,2.0,7.0,12.0,1.0,3.0,1.0
2022-11-27,,5.0,7.0,10.0,1.0,4.0,
2022-11-28,,5.0,6.0,13.0,3.0,5.0,3.0
2022-11-29,,7.0,7.0,10.0,3.0,4.0,1.0
2022-11-30,,2.0,7.0,11.0,2.0,6.0,4.0
2022-12-01,,4.0,2.0,12.0,3.0,4.0,3.0
2022-12-02,,3.0,3.0,13.0,5.0,4.0,3.0
2022-12-03,,5.0,7.0,14.0,3.0,3.0,1.0
2022-12-04,,7.0,2.0,12.0,5.0,3.0,5.0
2022-12-05,,2.0,5.0,12.0,1.0,5.0,4.0
2022-12-06,,4.0,7.0,14.0,3.0,3.0,4.0
2022-12-07,,2.0,3.0,12.0,4.0,3.0,4.0
2022-12-08,,3.0,3.0,11.0,4.0,,4.0
2022-12-09,,3.0,7.0,13.0,2.0,3.0,5.0
2022-12-10,,6.0,4.0,11.0,5.0,5.0,1.0
2022-12-11,,7.0,7.0,10.0,2.0,3.0,1.0
2022-12-12,,5.0,1.0,13.0,0.0,4.0,6.0
2022-12-13,,4.0,7.0,11.0,3.0,4.0,3.0
2022-12-14,,7.0,6.0,11.0,2.0,5.0,1.0
2022-12-15,,5.0,4.0,11.0,3.0,4.0,3.0
2022-12-16,,2.0,7.0,11.0,2.0,5.0,6.0
2022-12-17,,3.0,6.0,13.0,5.0,3.0,7.0
2022-12-18,,7.0,3.0,14.0,3.0,3.0,1.0
2022-12-19,,,,,,,
2022-12-20,,3.0,7.0,11.0,1.0,4.0,6.0
2022-12-21,,5.0,5.0,13.0,2.0,5.0,6.0
2022-12-21,,5.0,5.0,13.0,2.0,5.0,7.0
2022-12-21,,5.0,5.0,13.0,2.0,5.0,6.0
2022-12-21,,5.0,5.0,13.0,2.0,5.0,7.0
2022-12-22,,,,,,,
2022-12-23,,5.0,3.0,13.0,3.0,4.0,4.0
2022-12-24,,2.0,2.0,13.0,4.0,3.0,4.0
2022-12-25,,,,,,,
2022-12-26,,7.0,4.0,12.0,4.0,5.0,3.0
2022-12-27,,2.0,4.0,11.0,3.0,6.0,5.0
2022-12-28,,,,,,,
2022-12-29,,,1.0,12.0,5.0,4.0,7.0
2022-12-30,,,,,,,
2022-12-31,,,4.0,,5.0,4.0,2.0
2023-01-01,,7.0,1.0,12.0,5.0,4.0,1.0
2023-01-02,,4.0,7.0,11.0,5.0,4.0,7.0
2023-01-02,,4.0,7.0,11.0,5.0,4.0,4.0
2023-01-02,,4.0,7.0,12.0,5.0,4.0,7.0
2023-01-02,,4.0,7.0,12.0,5.0,4.0,4.0
2023-01-03,,,7.0,,5.0,,
2023-01-04,,2.0,7.0,11.0,-1.0,5.0,6.0
2023-01-05,,2.0,1.0,12.0,4.0,4.0,4.0
2023-01-06,,3.0,7.0,13.0,3.0,5.0,6.0
2023-01-07,,2.0,7.0,12.0,4.0,3.0,4.0
2023-01-08,,3.0,3.0,13.0,4.0,3.0,1.0
2023-01-09,,2.0,5.0,11.0,1.0,3.0,6.0
2023-01-09,,2.0,5.0,11.0,1.0,3.0,2.0
2023-01-10,,2.0,7.0,12.0,2.0,3.0,1.0
2023-01-11,,7.0,3.0,11.0,3.0,5.0,1.0
2023-01-12,,3.0,7.0,13.0,-1.0,3.0,3.0
2023-01-13,,,,,,,
2023-01-14,,6.0,3.0,12.0,1.0,4.0,3.0
2023-01-15,,3.0,3.0,11.0,2.0,3.0,4.0
2023-01-16,,,2.0,12.0,5.0,3.0,5.0
2023-01-17,,7.0,,12.0,1.0,3.0,5.0
2023-01-18,,2.0,2.0,,,,5.0
2023-01-19,,2.0,,,,4.0,
2023-01-20,,,,,,,2.0
2023-01-21,,,,,,,
2023-01-22,,3.0,7.0,11.0,2.0,5.0,1.0
2023-01-22,,3.0,7.0,11.0,2.0,5.0,4.0
2023-01-22,,3.0,7.0,14.0,2.0,5.0,1.0
2023-01-22,,3.0,7.0,14.0,2.0,5.0,4.0
2023-01-23,,4.0,6.0,14.0,4.0,4.0,5.0
2023-01-24,,2.0,2.0,14.0,3.0,5.0,2.0
2023-01-25,,,,,,,
2023-01-26,,4.0,3.0,14.0,2.0,3.0,3.0
2023-01-26,,4.0,3.0,14.0,2.0,3.0,3.0
2023-01-26,,4.0,3.0,14.0,2.0,3.0,3.0
2023-01-26,,4.0,3.0,14.0,2.0,3.0,3.0
2023-01-27,,6.0,2.0,14.0,3.0,3.0,6.0
2023-01-28,,2.0,7.0,12.0,0.0,3.0,3.0
2023-01-29,,2.0,7.0,12.0,2.0,4.0,1.0
2023-01-30,,2.0,3.0,13.0,5.0,3.0,4.0
2023-01-31,,,,,,,
2023-02-01,,3.0,7.0,14.0,0.0,3.0,1.0
2023-02-01,,3.0,7.0,14.0,0.0,3.0,6.0
2023-02-01,,3.0,7.0,14.0,0.0,3.0,1.0
2023-02-01,,3.0,7.0,14.0,0.0,3.0,6.0
2023-02-02,,,,,,,
2023-02-03,,7.0,7.0,11.0,4.0,3.0,2.0
2023-02-04,,4.0,,14.0,-1.0,4.0,5.0
2023-02-05,,2.0,3.0,12.0,2.0,3.0,5.0
2023-02-06,,3.0,3.0,12.0,1.0,4.0,2.0
2023-02-07,,5.0,5.0,12.0,2.0,3.0,1.0
2023-02-08,,3.0,2.0,11.0,5.0,4.0,6.0
2023-02-09,,6.0,6.0,13.0,2.0,3.0,3.0
2023-02-10,,3.0,5.0,11.0,4.0,5.0,1.0
2023-02-11,,3.0,,11.0,2.0,3.0,4.0
2023-02-12,,4.0,2.0,10.0,3.0,5.0,3.0
2023-02-13,,3.0,7.0,12.0,3.0,4.0,3.0
2023-02-14,,6.0,7.0,11.0,2.0,3.0,1.0
2023-02-15,,2.0,5.0,14.0,3.0,5.0,3.0
2023-02-16,,3.0,7.0,13.0,1.0,5.0,1.0
2023-02-17,,,,,,,
2023-02-18,,6.0,7.0,13.0,2.0,5.0,2.0
2023-02-19,,7.0,7.0,14.0,2.0,4.0,1.0
2023-02-20,,2.0,7.0,13.0,2.0,3.0,4.0
2023-02-21,,2.0,7.0,13.0,0.0,4.0,5.0
2023-02-22,,6.0,7.0,11.0,2.0,5.0,2.0
2023-02-23,,5.0,2.0,11.0,4.0,4.0,1.0
2023-02-24,,4.0,7.0,12.0,2.0,5.0,1.0
2023-02-25,,,,,,,
2023-02-26,,3.0,5.0,,4.0,4.0,4.0
2023-02-27,,5.0,6.0,12.0,2.0,4.0,5.0
2023-02-28,,2.0,5.0,13.0,2.0,4.0,5.0
2023-03-01,,5.0,5.0,13.0,5.0,3.0,4.0
2023-03-02,,5.0,4.0,12.0,4.0,3.0,3.0
2023-03-03,,1.0,5.0,10.0,4.0,5.0,1.0
2023-03-04,,5.0,6.0,11.0,0.0,3.0,1.0
2023-03-05,,3.0,7.0,12.0,2.0,4.0,2.0
2023-03-06,,3.0,7.0,12.0,3.0,4.0,4.0
2023-03-07,,4.0,7.0,11.0,4.0,2.0,1.0
2023-03-08,,7.0,5.0,12.0,3.0,6.0,2.0
2023-03-09,,3.0,3.0,14.0,2.0,4.0,4.0
2023-03-10,,5.0,6.0,13.0,4.0,4.0,4.0
2023-03-11,,3.0,1.0,14.0,5.0,4.0,2.0
2023-03-12,,3.0,6.0,11.0,4.0,4.0,3.0
2023-03-13,,7.0,3.0,11.0,3.0,4.0,3.0
2023-03-14,,4.0,5.0,12.0,4.0,3.0,5.0
2023-03-15,,7.0,,14.0,3.0,5.0,6.0
2023-03-16,,3.0,7.0,11.0,4.0,5.0,3.0
2023-03-17,,2.0,7.0,11.0,4.0,3.0,1.0
2023-03-18,,6.0,6.0,11.0,4.0,4.0,5.0
2023-03-19,,2.0,7.0,12.0,3.0,5.0,1.0
2023-03-20,,4.0,7.0,13.0,3.0,4.0,1.0
2023-03-21,,4.0,7.0,10.0,2.0,4.0,2.0
2023-03-22,,2.0,7.0,13.0,4.0,3.0,6.0
2023-03-23,,,,,,,
2023-03-24,,7.0,2.0,13.0,4.0,3.0,4.0
2023-03-25,,3.0,2.0,11.0,4.0,4.0,1.0
2023-03-26,,2.0,7.0,11.0,3.0,3.0,4.0
2023-03-27,,2.0,6.0,10.0,3.0,3.0,5.0
2023-03-28,,7.0,7.0,13.0,3.0,5.0,1.0
2023-03-29,,2.0,3.0,13.0,2.0,4.0,3.0
2023-03-30,,6.0,1.0,10.0,4.0,5.0,1.0
2023-03-31,,3.0,6.0,11.0,2.0,4.0,1.0
2023-04-01,,5.0,5.0,12.0,2.0,4.0,3.0
2023-04-02,,5.0,3.0,13.0,3.0,3.0,1.0
2023-04-03,,2.0,6.0,12.0,1.0,4.0,4.0
2023-04-04,,5.0,6.0,14.0,2.0,3.0,3.0
2023-04-05,,7.0,7.0,14.0,2.0,5.0,4.0
2023-04-06,,6.0,6.0,13.0,3.0,4.0,5.0
2023-04-07,,3.0,7.0,13.0,,4.0,2.0
2023-04-08,,6.0,7.0,13.0,4.0,4.0,4.0
2023-04-09,,6.0,6.0,11.0,4.0,3.0,5.0
2023-04-10,,4.0,7.0,14.0,2.0,3.0,5.0
2023-04-11,,4.0,7.0,11.0,4.0,3.0,2.0
2023-04-12,,6.0,4.0,10.0,3.0,5.0,1.0
2023-04-13,,2.0,1.0,12.0,2.0,4.0,3.0
2023-04-14,,2.0,7.0,11.0,2.0,4.0,1.0
2023-04-15,,5.0,7.0,11.0,4.0,4.0,3.0
2023-04-16,,,,,,5.0,3.0
2023-04-17,,2.0,7.0,13.0,2.0,4.0,5.0
2023-04-18,,3.0,2.0,12.0,3.0,4.0,6.0
2023-04-19,,2.0,5.0,13.0,1.0,3.0,4.0
2023-04-20,,2.0,7.0,14.0,2.0,2.0,3.0
2023-04-21,,2.0,7.0,11.0,4.0,4.0,7.0
2023-04-22,,3.0,3.0,10.0,,5.0,1.0
2023-04-23,,1.0,7.0,11.0,3.0,5.0,1.0
2023-04-24,,2.0,7.0,13.0,2.0,4.0,3.0
2023-04-25,,3.0,6.0,12.0,3.0,7.0,3.0
2023-04-26,,2.0,7.0,11.0,4.0,3.0,2.0
2023-04-27,,2.0,7.0,12.0,4.0,5.0,1.0
2023-04-28,,2.0,4.0,13.0,2.0,3.0,1.0
2023-04-29,,4.0,1.0,13.0,4.0,3.0,1.0
2023-04-30,,3.0,7.0,11.0,5.0,5.0,1.0
2023-05-01,,7.0,7.0,13.0,3.0,4.0,2.0
2023-05-02,,6.0,7.0,11.0,3.0,3.0,3.0
2023-05-03,,2.0,7.0,12.0,4.0,5.0,5.0
2023-05-04,,5.0,7.0,11.0,2.0,5.0,2.0
2023-05-05,,1.0,6.0,11.0,4.0,4.0,1.0
2023-05-06,,4.0,7.0,11.0,2.0,5.0,1.0
2023-05-07,,2.0,6.0,10.0,4.0,4.0,2.0
2023-05-08,,1.0,4.0,13.0,3.0,5.0,4.0
2023-05-09,,4.0,3.0,11.0,3.0,4.0,1.0
2023-05-10,,1.0,4.0,12.0,3.0,4.0,5.0
2023-05-11,,4.0,3.0,11.0,5.0,3.0,5.0
2023-05-12,,3.0,6.0,11.0,5.0,4.0,1.0
2023-05-13,,2.0,3.0,13.0,2.0,4.0,5.0
2023-05-14,,3.0,,12.0,2.0,5.0,1.0
2023-05-15,,3.0,1.0,11.0,4.0,4.0,2.0
2023-05-16,,6.0,1.0,12.0,3.0,5.0,6.0
2023-05-17,,5.0,7.0,11.0,3.0,5.0,3.0
2023-05-18,,5.0,7.0,12.0,3.0,4.0,4.0
2023-05-19,,3.0,7.0,12.0,4.0,4.0,5.0
2023-05-20,,5.0,5.0,11.0,2.0,4.0,1.0
2023-05-21,,7.0,7.0,12.0,2.0,3.0,5.0
2023-05-22,,3.0,6.0,14.0,3.0,4.0,5.0
2023-05-23,,3.0,3.0,11.0,2.0,4.0,3.0
2023-05-24,,2.0,7.0,10.0,4.0,3.0,2.0
2023-05-25,,2.0,5.0,12.0,4.0,5.0,3.0
2023-05-26,,7.0,7.0,12.0,4.0,4.0,6.0
2023-05-27,,2.0,7.0,12.0,1.0,3.0,3.0
2023-05-28,,,7.0,13.0,5.0,6.0,4.0
2023-05-29,,2.0,3.0,11.0,1.0,3.0,5.0
2023-05-30,,2.0,7.0,12.0,1.0,4.0,6.0
2023-05-31,,1.0,7.0,12.0,3.0,5.0,3.0
2023-06-01,,5.0,7.0,13.0,5.0,6.0,6.0
2023-06-02,,5.0,1.0,11.0,2.0,3.0,3.0
2023-06-03,,5.0,4.0,13.0,5.0,6.0,7.0
2023-06-04,,4.0,7.0,12.0,5.0,2.0,5.0
2023-06-05,,2.0,1.0,13.0,3.0,3.0,4.0
2023-06-06,,4.0,6.0,10.0,3.0,5.0,1.0
2023-06-07,,3.0,5.0,13.0,5.0,4.0,1.0
2023-06-08,,4.0,7.0,11.0,3.0,3.0,4.0
2023-06-09,,2.0,7.0,14.0,2.0,5.0,1.0
2023-06-10,,6.0,,12.0,5.0,5.0,5.0
2023-06-11,,,,14.0,3.0,3.0,4.0
2023-06-12,,4.0,7.0,13.0,3.0,4.0,1.0
2023-06-13,,3.0,7.0,11.0,5.0,5.0,4.0
2023-06-14,,4.0,7.0,12.0,4.0,6.0,5.0
2023-06-15,,2.0,5.0,11.0,4.0,5.0,6.0
2023-06-16,,7.0,4.0,12.0,4.0,3.0,7.0
2023-06-17,,5.0,7.0,12.0,2.0,4.0,2.0
2023-06-18,,3.0,7.0,11.0,3.0,4.0,1.0
2023-06-19,,3.0,2.0,12.0,5.0,5.0,2.0
2023-06-20,,2.0,,13.0,2.0,3.0,1.0
2023-06-21,,1.0,6.0,11.0,3.0,3.0,4.0
2023-06-22,,4.0,,11.0,1.0,5.0,2.0
2023-06-23,,4.0,5.0,14.0,1.0,4.0,3.0
2023-06-24,,2.0,2.0,12.0,1.0,4.0,3.0
2023-06-25,,2.0,6.0,11.0,3.0,4.0,5.0
2023-06-26,,2.0,7.0,12.0,3.0,3.0,1.0
2023-06-27,,5.0,3.0,11.0,4.0,3.0,2.0
2023-06-28,,4.0,7.0,11.0,4.0,4.0,2.0
2023-06-29,,3.0,6.0,10.0,2.0,4.0,5.0
2023-06-30,,6.0,7.0,13.0,4.0,4.0,1.0
2023-07-01,,2.0,2.0,12.0,5.0,4.0,1.0
2023-07-02,,3.0,3.0,11.0,4.0,3.0,3.0
2023-07-03,,3.0,4.0,13.0,3.0,3.0,4.0
2023-07-04,,2.0,2.0,12.0,4.0,4.0,4.0
2023-07-05,,2.0,7.0,13.0,3.0,4.0,1.0
2023-07-06,,3.0,7.0,12.0,3.0,4.0,4.0
2023-07-07,,2.0,3.0,11.0,1.0,3.0,1.0
2023-07-08,,2.0,7.0,11.0,3.0,4.0,2.0
2023-07-09,,2.0,7.0,12.0,5.0,4.0,1.0
2023-07-10,,4.0,7.0,11.0,4.0,5.0,1.0
2023-07-11,,1.0,5.0,12.0,2.0,4.0,1.0
2023-07-12,,1.0,7.0,13.0,5.0,3.0,3.0
2023-07-13,,3.0,3.0,11.0,2.0,5.0,2.0
2023-07-14,,5.0,5.0,11.0,4.0,4.0,3.0
2023-07-15,,2.0,6.0,10.0,5.0,4.0,1.0
2023-07-16,,2.0,4.0,12.0,4.0,3.0,4.0
2023-07-17,,2.0,3.0,14.0,5.0,3.0,3.0
2023-07-18,,3.0,6.0,13.0,5.0,5.0,4.0
2023-07-19,,3.0,7.0,11.0,3.0,3.0,1.0
2023-07-20,,3.0,7.0,13.0,4.0,4.0,3.0
2023-07-21,,3.0,,,2.0,5.0,1.0
2023-07-22,,2.0,7.0,13.0,3.0,5.0,3.0
2023-07-23,,2.0,4.0,10.0,2.0,4.0,1.0
2023-07-24,,3.0,7.0,12.0,5.0,5.0,1.0
2023-07-25,,2.0,7.0,13.0,2.0,5.0,1.0
2023-07-26,,,,,,2.0,
2023-07-27,,,,10.0,,,
2023-07-28,,,,,,,
2023-07-29,,,,,,,1.0
2023-07-30,,,,,,,
2023-07-31,,,,,,,
2023-08-01,,2.0,,,,,
2023-08-02,,,,,,,
2023-08-03,,2.0,,,5.0,,
2023-08-04,,3.0,,,5.0,,
2023-08-05,,,,,,,3.0
2023-08-06,,,,,,,1.0
2023-08-07,,,,,,,
2023-08-08,,3.0,2.0,,,4.0,1.0
2023-08-09,,3.0,6.0,11.0,2.0,6.0,4.0
2023-08-10,,4.0,6.0,10.0,4.0,4.0,6.0
2023-08-11,,3.0,2.0,13.0,4.0,4.0,1.0
2023-08-12,,7.0,5.0,14.0,3.0,4.0,5.0
2023-08-13,,3.0,7.0,12.0,5.0,4.0,2.0
2023-08-14,,2.0,7.0,13.0,4.0,4.0,5.0
2023-08-15,,3.0,7.0,12.0,5.0,4.0,5.0
2023-08-16,,5.0,7.0,13.0,4.0,4.0,2.0
2023-08-17,,2.0,7.0,12.0,2.0,3.0,6.0
2023-08-18,,3.0,7.0,13.0,2.0,3.0,2.0
2023-08-19,,2.0,7.0,,2.0,5.0,2.0
2023-08-20,,3.0,7.0,12.0,1.0,5.0,5.0
2023-08-21,,5.0,6.0,13.0,3.0,4.0,4.0
2023-08-22,,5.0,4.0,12.0,4.0,4.0,2.0
2023-08-23,,3.0,7.0,11.0,2.0,5.0,4.0
2023-08-24,,6.0,7.0,12.0,3.0,4.0,1.0
2023-08-25,,3.0,5.0,13.0,0.0,3.0,1.0
2023-08-26,,5.0,7.0,13.0,0.0,4.0,2.0
2023-08-27,,3.0,7.0,12.0,3.0,4.0,1.0
2023-08-28,,5.0,3.0,12.0,,3.0,1.0
2023-08-29,,6.0,7.0,13.0,3.0,4.0,1.0
2023-08-30,,3.0,,12.0,3.0,4.0,6.0
2023-08-31,,3.0,3.0,11.0,2.0,5.0,3.0
2023-09-01,,3.0,7.0,13.0,,3.0,2.0
2023-09-02,,2.0,6.0,13.0,3.0,5.0,1.0
2023-09-03,,3.0,7.0,12.0,3.0,4.0,1.0
2023-09-04,,3.0,1.0,11.0,4.0,5.0,1.0
2023-09-05,,3.0,7.0,14.0,4.0,4.0,1.0
2023-09-06,,2.0,2.0,11.0,-1.0,3.0,1.0
2023-09-07,,2.0,1.0,10.0,3.0,5.0,3.0
2023-09-08,,4.0,7.0,13.0,4.0,2.0,1.0
2023-09-09,,3.0,4.0,12.0,0.0,3.0,1.0
2023-09-10,,2.0,4.0,12.0,3.0,4.0,7.0
2023-09-11,,2.0,7.0,14.0,3.0,5.0,1.0
2023-09-12,,2.0,5.0,12.0,4.0,3.0,2.0
2023-09-13,,7.0,4.0,12.0,3.0,3.0,4.0
2023-09-14,,3.0,,11.0,1.0,3.0,4.0
2023-09-15,,2.0,,11.0,4.0,4.0,3.0
2023-09-16,,2.0,7.0,12.0,3.0,4.0,7.0
2023-09-17,,3.0,7.0,10.0,3.0,3.0,2.0
2023-09-18,,6.0,4.0,12.0,3.0,3.0,6.0
2023-09-19,,4.0,7.0,14.0,3.0,4.0,4.0
2023-09-20,,5.0,7.0,11.0,2.0,3.0,
2023-09-21,,2.0,7.0,12.0,3.0,4.0,5.0
2023-09-22,,7.0,3.0,13.0,3.0,4.0,3.0
2023-09-23,,3.0,7.0,12.0,3.0,5.0,1.0
2023-09-24,,2.0,7.0,11.0,1.0,3.0,6.0
2023-09-25,,6.0,7.0,13.0,3.0,4.0,2.0
2023-09-26,,2.0,5.0,13.0,4.0,4.0,2.0
2023-09-27,,3.0,7.0,12.0,0.0,3.0,6.0
2023-09-28,,3.0,2.0,12.0,2.0,4.0,6.0
2023-09-29,,3.0,3.0,13.0,3.0,5.0,4.0
2023-09-30,,2.0,7.0,11.0,4.0,6.0,1.0
2023-10-01,,3.0,7.0,11.0,2.0,4.0,3.0
2023-10-02,,2.0,6.0,13.0,2.0,3.0,7.0
2023-10-03,,2.0,7.0,12.0,3.0,4.0,5.0
2023-10-04,,6.0,7.0,13.0,4.0,4.0,6.0
2023-10-05,,2.0,7.0,12.0,2.0,6.0,2.0
2023-10-06,,2.0,3.0,12.0,2.0,3.0,1.0
2023-10-07,,5.0,5.0,12.0,4.0,4.0,3.0
2023-10-08,,5.0,7.0,13.0,4.0,4.0,2.0
2023-10-09,,2.0,7.0,12.0,4.0,3.0,
2023-10-10,,5.0,3.0,13.0,5.0,4.0,1.0
2023-10-11,,2.0,7.0,13.0,5.0,4.0,5.0
2023-10-12,,4.0,7.0,11.0,4.0,5.0,
2023-10-13,,2.0,7.0,14.0,0.0,3.0,5.0
2023-10-14,,6.0,5.0,13.0,4.0,4.0,4.0
2023-10-15,,7.0,,11.0,2.0,5.0,1.0
2023-10-16,,5.0,7.0,11.0,5.0,4.0,1.0
2023-10-17,,5.0,7.0,11.0,2.0,3.0,2.0
2023-10-18,,2.0,3.0,11.0,3.0,4.0,4.0
2023-10-19,,3.0,,12.0,-1.0,5.0,3.0
2023-10-20,,3.0,2.0,11.0,3.0,4.0,1.0
2023-10-21,,7.0,1.0,11.0,2.0,3.0,2.0
2023-10-22,,2.0,1.0,13.0,0.0,4.0,1.0
2023-10-23,,2.0,7.0,11.0,5.0,3.0,1.0
2023-10-24,,4.0,5.0,13.0,,3.0,3.0
2023-10-25,,3.0,7.0,12.0,5.0,5.0,4.0
2023-10-26,,7.0,7.0,14.0,1.0,4.0,1.0
2023-10-27,,5.0,7.0,12.0,5.0,3.0,6.0
2023-10-28,,4.0,6.0,12.0,4.0,3.0,1.0
2023-10-29,,2.0,7.0,11.0,4.0,5.0,5.0
2023-10-30,,2.0,7.0,12.0,4.0,4.0,5.0
2023-10-31,,2.0,,14.0,2.0,4.0,5.0
2023-11-01,,3.0,,14.0,2.0,5.0,1.0
2023-11-02,,2.0,7.0,13.0,2.0,4.0,3.0
2023-11-03,,3.0,7.0,11.0,3.0,4.0,3.0
2023-11-04,,3.0,4.0,13.0,1.0,5.0,4.0
2023-11-05,,3.0,3.0,12.0,2.0,4.0,1.0
2023-11-06,,2.0,7.0,14.0,3.0,3.0,3.0
2023-11-07,,3.0,7.0,12.0,1.0,4.0,3.0
2023-11-08,,6.0,,11.0,5.0,5.0,2.0
2023-11-09,,3.0,7.0,13.0,1.0,5.0,2.0
2023-11-10,,2.0,,10.0,4.0,2.0,3.0
2023-11-11,,2.0,1.0,13.0,3.0,4.0,1.0
2023-11-12,,2.0,3.0,11.0,3.0,5.0,4.0
2023-11-13,,2.0,7.0,10.0,4.0,6.0,1.0
2023-11-14,,2.0,7.0,12.0,4.0,5.0,2.0
2023-11-15,,4.0,1.0,12.0,4.0,5.0,2.0
2023-11-16,,7.0,7.0,14.0,3.0,5.0,2.0
2023-11-17,,2.0,2.0,12.0,2.0,3.0,1.0
2023-11-18,,5.0,7.0,11.0,4.0,4.0,1.0
2023-11-19,,5.0,7.0,13.0,2.0,5.0,1.0
2023-11-20,,3.0,4.0,10.0,4.0,5.0,1.0
2023-11-21,,6.0,5.0,11.0,5.0,3.0,5.0
2023-11-22,,2.0,3.0,12.0,3.0,5.0,4.0
2023-11-23,,2.0,7.0,11.0,3.0,4.0,1.0
2023-11-24,,3.0,7.0,14.0,4.0,3.0,1.0
2023-11-25,,3.0,1.0,12.0,2.0,4.0,1.0
2023-11-26,,3.0,7.0,12.0,5.0,3.0,1.0
2023-11-27,,2.0,4.0,12.0,4.0,3.0,5.0
2023-11-28,,2.0,7.0,14.0,1.0,4.0,1.0
2023-11-29,,3.0,6.0,11.0,5.0,5.0,5.0
2023-11-30,,5.0,7.0,12.0,5.0,4.0,1.0
2023-12-01,,5.0,7.0,12.0,4.0,4.0,5.0
2023-12-02,,2.0,7.0,11.0,4.0,5.0,6.0
2023-12-03,,4.0,7.0,14.0,4.0,3.0,2.0
2023-12-04,,5.0,7.0,14.0,4.0,3.0,1.0
2023-12-05,,4.0,7.0,11.0,4.0,3.0,3.0
2023-12-06,,5.0,7.0,11.0,3.0,3.0,1.0
2023-12-07,,3.0,7.0,14.0,3.0,4.0,1.0
2023-12-08,,2.0,7.0,12.0,4.0,4.0,5.0
2023-12-09,,2.0,7.0,12.0,4.0,5.0,4.0
2023-12-10,,7.0,,12.0,0.0,4.0,3.0
2023-12-11,,4.0,2.0,12.0,3.0,4.0,2.0
2023-12-12,,4.0,7.0,13.0,1.0,4.0,2.0
2023-12-13,,4.0,2.0,11.0,2.0,4.0,4.0
2023-12-14,,3.0,7.0,10.0,4.0,4.0,1.0
2023-12-15,,2.0,,11.0,5.0,5.0,1.0
2023-12-16,,4.0,7.0,11.0,5.0,4.0,3.0
2023-12-17,,,,,,5.0,1.0
2023-12-18,,2.0,7.0,12.0,4.0,4.0,1.0
2023-12-19,,3.0,7.0,14.0,3.0,3.0,4.0
2023-12-20,,2.0,7.0,13.0,4.0,4.0,3.0
2023-12-21,,4.0,,12.0,2.0,5.0,1.0
2023-12-22,,2.0,,11.0,3.0,4.0,2.0
2023-12-23,,3.0,7.0,11.0,2.0,5.0,4.0
2023-12-24,,3.0,7.0,12.0,5.0,5.0,3.0
2023-12-25,,,,,,4.0,1.0
2023-12-26,,2.0,7.0,12.0,2.0,3.0,3.0
2023-12-27,,2.0,7.0,14.0,4.0,3.0,3.0
2023-12-28,,2.0,7.0,11.0,1.0,3.0,4.0
2023-12-29,,2.0,7.0,11.0,3.0,4.0,1.0
2023-12-30,,3.0,7.0,10.0,3.0,4.0,1.0
2023-12-31,,4.0,7.0,12.0,3.0,5.0,3.0
2024-01-01,,4.0,4.0,12.0,4.0,3.0,5.0
2024-01-02,,3.0,,13.0,2.0,6.0,2.0
2024-01-03,,2.0,7.0,12.0,4.0,4.0,1.0
2024-01-04,,2.0,6.0,12.0,4.0,4.0,3.0
2024-01-05,,5.0,7.0,13.0,4.0,4.0,1.0
2024-01-06,,5.0,3.0,13.0,2.0,5.0,4.0
2024-01-07,,2.0,,10.0,1.0,3.0,1.0
2024-01-08,,4.0,5.0,12.0,2.0,4.0,1.0
2024-01-09,,2.0,5.0,12.0,4.0,6.0,1.0
2024-01-10,,2.0,7.0,12.0,4.0,4.0,1.0
2024-01-11,,2.0,7.0,14.0,5.0,6.0,1.0
2024-01-12,,2.0,7.0,10.0,3.0,2.0,1.0
2024-01-13,,2.0,4.0,12.0,1.0,2.0,1.0
2024-01-14,,2.0,7.0,11.0,2.0,3.0,4.0
2024-01-15,,2.0,7.0,10.0,5.0,6.0,4.0
2024-01-16,,2.0,,12.0,2.0,3.0,4.0
2024-01-17,,5.0,,13.0,4.0,3.0,3.0
2024-01-18,,4.0,7.0,11.0,3.0,4.0,1.0
2024-01-19,,3.0,2.0,12.0,4.0,5.0,1.0
2024-01-20,,2.0,,11.0,5.0,4.0,2.0
2024-01-21,,2.0,6.0,11.0,4.0,3.0,1.0
2024-01-22,,2.0,5.0,13.0,4.0,3.0,4.0
2024-01-23,,3.0,7.0,13.0,3.0,4.0,1.0
2024-01-24,,2.0,7.0,11.0,3.0,3.0,3.0
2024-01-25,,2.0,7.0,11.0,1.0,5.0,1.0
2024-01-26,,2.0,7.0,10.0,1.0,4.0,1.0
2024-01-27,,2.0,2.0,13.0,3.0,3.0,2.0
2024-01-28,,2.0,7.0,14.0,5.0,5.0,4.0
2024-01-29,,2.0,7.0,11.0,4.0,5.0,6.0
2024-01-30,,3.0,1.0,12.0,5.0,5.0,7.0
2024-01-31,,5.0,5.0,10.0,4.0,4.0,5.0
2024-02-01,,3.0,3.0,10.0,5.0,3.0,1.0
2024-02-02,,6.0,7.0,12.0,5.0,4.0,5.0
2024-02-03,,2.0,2.0,11.0,0.0,,1.0
2024-02-04,,3.0,7.0,13.0,4.0,4.0,6.0
2024-02-05,,3.0,7.0,13.0,5.0,6.0,1.0
2024-02-06,,2.0,3.0,10.0,3.0,4.0,7.0
2024-02-07,,2.0,5.0,11.0,4.0,3.0,6.0
2024-02-08,,2.0,2.0,13.0,3.0,4.0,3.0
2024-02-09,,6.0,7.0,11.0,5.0,4.0,3.0
2024-02-10,,1.0,1.0,11.0,4.0,4.0,1.0
2024-02-11,,3.0,7.0,11.0,2.0,3.0,1.0
2024-02-12,,2.0,,12.0,4.0,3.0,1.0
2024-02-13,,6.0,7.0,12.0,3.0,3.0,6.0
2024-02-14,,2.0,6.0,12.0,1.0,5.0,1.0
2024-02-15,,3.0,7.0,12.0,3.0,3.0,1.0
2024-02-16,,2.0,7.0,11.0,4.0,5.0,5.0
2024-02-17,,2.0,7.0,12.0,4.0,3.0,1.0
2024-02-18,,4.0,7.0,14.0,4.0,4.0,2.0
2024-02-19,,2.0,7.0,13.0,5.0,6.0,2.0
2024-02-20,,4.0,7.0,11.0,4.0,3.0,6.0
2024-02-21,,4.0,7.0,13.0,2.0,5.0,5.0
2024-02-22,,3.0,7.0,12.0,3.0,4.0,1.0
2024-02-23,,2.0,7.0,12.0,4.0,3.0,2.0
2024-02-24,,6.0,2.0,13.0,5.0,6.0,1.0
2024-02-25,,2.0,1.0,11.0,4.0,3.0,4.0
2024-02-26,,2.0,2.0,11.0,5.0,4.0,3.0
2024-02-27,,3.0,7.0,13.0,5.0,4.0,4.0
2024-02-28,,2.0,7.0,12.0,3.0,4.0,1.0
2024-02-29,,5.0,5.0,13.0,2.0,4.0,4.0
2024-03-01,,3.0,5.0,14.0,0.0,3.0,5.0
2024-03-02,,4.0,7.0,12.0,5.0,4.0,3.0
2024-03-03,,2.0,5.0,11.0,-1.0,4.0,1.0
2024-03-04,,2.0,2.0,13.0,4.0,4.0,1.0
2024-03-05,,3.0,7.0,11.0,5.0,5.0,3.0
2024-03-06,,4.0,2.0,12.0,4.0,3.0,4.0
2024-03-07,,2.0,3.0,12.0,4.0,4.0,4.0
2024-03-08,,2.0,5.0,11.0,3.0,4.0,7.0
2024-03-09,,3.0,7.0,12.0,3.0,5.0,2.0
2024-03-10,,2.0,7.0,11.0,4.0,3.0,
2024-03-11,,2.0,7.0,12.0,5.0,4.0,3.0
2024-03-12,,4.0,7.0,11.0,4.0,6.0,5.0
2024-03-13,,6.0,2.0,11.0,3.0,4.0,4.0
2024-03-14,,5.0,7.0,13.0,2.0,4.0,1.0
2024-03-15,,2.0,,13.0,3.0,3.0,1.0
2024-03-16,,2.0,7.0,13.0,5.0,4.0,6.0
2024-03-17,,2.0,,11.0,4.0,4.0,1.0
2024-03-18,,2.0,4.0,11.0,4.0,4.0,3.0
2024-03-19,,4.0,5.0,14.0,2.0,4.0,1.0
2024-03-20,,2.0,6.0,10.0,2.0,5.0,2.0
2024-03-21,,4.0,7.0,11.0,5.0,6.0,4.0
2024-03-22,,2.0,5.0,11.0,3.0,5.0,5.0
2024-03-23,,2.0,1.0,13.0,3.0,4.0,1.0
2024-03-24,,2.0,3.0,12.0,4.0,4.0,1.0
2024-03-25,,4.0,7.0,12.0,5.0,4.0,3.0
2024-03-26,,3.0,4.0,13.0,3.0,4.0,1.0
2024-03-27,,2.0,1.0,13.0,3.0,4.0,1.0
2024-03-28,,2.0,2.0,14.0,5.0,5.0,5.0
2024-03-29,,2.0,1.0,11.0,5.0,3.0,1.0
2024-03-30,,3.0,4.0,10.0,5.0,3.0,2.0
2024-03-31,,3.0,3.0,10.0,4.0,5.0,1.0
2024-04-01,,4.0,7.0,11.0,1.0,3.0,1.0
2024-04-02,,2.0,7.0,12.0,3.0,2.0,3.0
2024-04-03,,2.0,7.0,14.0,5.0,4.0,2.0
2024-04-04,,6.0,3.0,14.0,4.0,4.0,2.0
2024-04-05,,2.0,6.0,11.0,5.0,3.0,3.0
2024-04-06,,7.0,3.0,13.0,4.0,5.0,2.0
2024-04-07,,4.0,3.0,12.0,5.0,4.0,5.0
2024-04-08,,2.0,7.0,10.0,5.0,6.0,3.0
2024-04-09,,3.0,,14.0,4.0,4.0,3.0
2024-04-10,,3.0,,11.0,1.0,3.0,2.0
2024-04-11,,,6.0,13.0,4.0,4.0,3.0
2024-04-12,,3.0,3.0,11.0,3.0,5.0,2.0
2024-04-13,,5.0,7.0,14.0,5.0,4.0,3.0
2024-04-14,,3.0,1.0,12.0,4.0,4.0,2.0
2024-04-15,,4.0,7.0,11.0,3.0,3.0,1.0
2024-04-16,,3.0,7.0,11.0,5.0,4.0,1.0
2024-04-17,,2.0,,14.0,3.0,3.0,1.0
2024-04-18,,2.0,7.0,12.0,3.0,3.0,2.0
2024-04-19,,7.0,2.0,12.0,5.0,3.0,1.0
2024-04-20,,4.0,6.0,12.0,4.0,4.0,3.0
2024-04-21,,2.0,7.0,14.0,2.0,6.0,1.0
2024-04-22,,4.0,7.0,13.0,4.0,3.0,1.0
2024-04-23,,3.0,2.0,12.0,3.0,6.0,1.0
2024-04-24,,3.0,7.0,12.0,5.0,5.0,3.0
2024-04-25,,3.0,7.0,11.0,4.0,5.0,5.0
2024-04-26,,6.0,7.0,11.0,4.0,3.0,1.0
2024-04-27,,2.0,7.0,13.0,4.0,4.0,4.0
2024-04-28,,4.0,4.0,14.0,0.0,4.0,1.0
2024-04-29,,2.0,6.0,12.0,2.0,4.0,2.0
2024-04-30,,2.0,4.0,12.0,2.0,5.0,2.0
2024-05-01,,2.0,,13.0,4.0,3.0,2.0
2024-05-02,,2.0,4.0,13.0,5.0,4.0,4.0
2024-05-03,,2.0,2.0,12.0,3.0,3.0,1.0
2024-05-04,,5.0,7.0,12.0,3.0,4.0,4.0
2024-05-05,,2.0,,13.0,3.0,4.0,4.0
2024-05-06,,,,,,4.0,
2024-05-07,,2.0,5.0,12.0,4.0,3.0,5.0
2024-05-08,,2.0,6.0,11.0,1.0,5.0,5.0
2024-05-09,,3.0,7.0,14.0,4.0,6.0,1.0
2024-05-10,,4.0,7.0,11.0,5.0,4.0,1.0
2024-05-11,,3.0,7.0,12.0,4.0,5.0,3.0
2024-05-12,,2.0,3.0,11.0,5.0,3.0,3.0
2024-05-13,,3.0,7.0,10.0,3.0,4.0,4.0
2024-05-14,,3.0,7.0,13.0,5.0,4.0,6.0
2024-05-15,,2.0,7.0,13.0,5.0,4.0,1.0
2024-05-16,,4.0,7.0,11.0,3.0,3.0,1.0
2024-05-17,,2.0,7.0,12.0,5.0,5.0,1.0
2024-05-18,,2.0,,11.0,4.0,4.0,1.0
2024-05-19,,6.0,,11.0,4.0,6.0,1.0
2024-05-20,,3.0,7.0,13.0,2.0,5.0,1.0
2024-05-21,,2.0,5.0,13.0,1.0,3.0,4.0
2024-05-22,,2.0,4.0,11.0,4.0,4.0,4.0
2024-05-23,,2.0,7.0,11.0,5.0,4.0,1.0
2024-05-24,,5.0,3.0,12.0,-1.0,3.0,5.0
2024-05-25,,2.0,7.0,11.0,3.0,4.0,4.0
2024-05-26,,2.0,7.0,12.0,4.0,6.0,4.0
2024-05-27,,6.0,2.0,10.0,3.0,5.0,1.0
2024-05-28,,2.0,7.0,13.0,3.0,3.0,1.0
2024-05-29,,2.0,2.0,10.0,4.0,5.0,2.0
2024-05-30,,4.0,7.0,11.0,5.0,4.0,4.0
2024-05-31,,2.0,7.0,11.0,3.0,4.0,7.0
2024-06-01,,2.0,7.0,13.0,2.0,5.0,2.0
2024-06-02,,4.0,7.0,12.0,4.0,4.0,3.0
2024-06-03,,4.0,,12.0,3.0,2.0,2.0
2024-06-04,,4.0,7.0,12.0,3.0,3.0,1.0
2024-06-05,,2.0,7.0,,3.0,4.0,4.0
2024-06-06,,2.0,6.0,11.0,5.0,2.0,3.0
2024-06-07,,4.0,7.0,13.0,5.0,3.0,1.0
2024-06-08,,3.0,5.0,11.0,3.0,4.0,4.0
2024-06-09,,6.0,7.0,11.0,2.0,4.0,5.0
2024-06-10,,4.0,,10.0,4.0,3.0,1.0
2024-06-11,,2.0,,12.0,4.0,4.0,1.0
2024-06-12,,6.0,,11.0,5.0,4.0,1.0
2024-06-13,,4.0,1.0,11.0,3.0,4.0,1.0
2024-06-14,,3.0,,10.0,3.0,4.0,1.0
2024-06-15,,2.0,6.0,10.0,2.0,3.0,2.0
2024-06-16,,2.0,7.0,13.0,2.0,3.0,1.0
2024-06-17,,5.0,7.0,11.0,3.0,4.0,1.0
2024-06-18,,2.0,7.0,11.0,3.0,4.0,3.0
2024-06-19,,3.0,7.0,14.0,3.0,2.0,1.0
2024-06-20,,3.0,7.0,12.0,5.0,4.0,2.0
2024-06-21,,2.0,7.0,12.0,2.0,3.0,2.0
2024-06-22,,3.0,,11.0,2.0,5.0,7.0
2024-06-23,,2.0,7.0,12.0,3.0,4.0,2.0
2024-06-24,,2.0,7.0,11.0,5.0,5.0,1.0
2024-06-25,,2.0,7.0,11.0,4.0,3.0,3.0
2024-06-26,,3.0,7.0,11.0,4.0,4.0,1.0
2024-06-27,,6.0,7.0,12.0,3.0,4.0,4.0
2024-06-28,,3.0,7.0,13.0,1.0,3.0,3.0
2024-06-29,,3.0,7.0,11.0,3.0,5.0,1.0
2024-06-30,,4.0,7.0,12.0,3.0,4.0,2.0
2024-07-01,,2.0,7.0,12.0,4.0,6.0,4.0
2024-07-02,,6.0,7.0,11.0,4.0,4.0,3.0
2024-07-03,,2.0,7.0,11.0,3.0,5.0,2.0
2024-07-04,4.0,3.0,7.0,12.0,3.0,3.0,1.0
2024-07-05,,6.0,7.0,10.0,4.0,3.0,1.0
2024-07-06,,4.0,7.0,12.0,5.0,4.0,1.0
2024-07-07,,6.0,4.0,14.0,5.0,4.0,4.0
2024-07-08,4.0,2.0,6.0,13.0,5.0,5.0,1.0
2024-07-09,7.0,3.0,7.0,14.0,4.0,3.0,1.0
2024-07-10,4.0,2.0,2.0,12.0,2.0,6.0,3.0
2024-07-11,7.0,2.0,7.0,12.0,3.0,5.0,1.0
2024-07-12,,3.0,4.0,12.0,4.0,4.0,1.0
2024-07-13,4.0,4.0,,13.0,4.0,3.0,2.0
2024-07-14,4.0,3.0,7.0,11.0,5.0,5.0,4.0
2024-07-15,,2.0,4.0,11.0,5.0,4.0,1.0
2024-07-16,7.0,3.0,1.0,11.0,4.0,3.0,1.0
2024-07-17,7.0,2.0,7.0,11.0,3.0,3.0,2.0
2024-07-18,6.0,4.0,7.0,12.0,4.0,4.0,1.0
2024-07-19,4.0,4.0,1.0,12.0,3.0,4.0,3.0
2024-07-20,,,,11.0,3.0,3.0,5.0
2024-07-21,4.0,3.0,7.0,12.0,4.0,4.0,1.0
2024-07-22,,5.0,7.0,11.0,3.0,3.0,1.0
2024-07-23,5.0,2.0,7.0,11.0,3.0,3.0,1.0
2024-07-24,,3.0,7.0,11.0,5.0,3.0,4.0
2024-07-25,,3.0,4.0,10.0,3.0,3.0,4.0
2024-07-26,,3.0,7.0,13.0,5.0,4.0,2.0
2024-07-27,4.0,3.0,7.0,11.0,4.0,5.0,4.0
2024-07-28,,2.0,5.0,11.0,5.0,4.0,4.0
2024-07-29,4.0,2.0,5.0,13.0,3.0,3.0,1.0
2024-07-30,4.0,2.0,7.0,11.0,4.0,2.0,1.0
2024-07-31,4.0,3.0,4.0,12.0,4.0,5.0,2.0
2024-08-01,4.0,2.0,3.0,12.0,5.0,3.0,5.0
2024-08-02,4.0,4.0,1.0,14.0,3.0,4.0,3.0
2024-08-03,4.0,1.0,6.0,11.0,4.0,3.0,3.0
2024-08-04,5.0,4.0,3.0,12.0,5.0,5.0,3.0
2024-08-05,4.0,4.0,4.0,14.0,4.0,4.0,4.0
2024-08-06,6.0,2.0,3.0,12.0,5.0,4.0,3.0
2024-08-07,5.0,4.0,7.0,14.0,5.0,5.0,6.0
2024-08-08,4.0,1.0,7.0,13.0,4.0,3.0,2.0
2024-08-09,4.0,4.0,4.0,11.0,5.0,3.0,5.0
2024-08-10,4.0,3.0,7.0,12.0,5.0,4.0,5.0
2024-08-10,4.0,3.0,7.0,12.0,5.0,4.0,1.0
2024-08-11,4.0,2.0,7.0,12.0,5.0,3.0,4.0
2024-08-12,5.0,2.0,1.0,12.0,5.0,4.0,1.0
2024-08-13,4.0,3.0,6.0,13.0,4.0,3.0,1.0
2024-08-14,4.0,2.0,7.0,11.0,5.0,4.0,3.0
2024-08-15,5.0,4.0,6.0,14.0,4.0,3.0,2.0
2024-08-16,4.0,4.0,6.0,12.0,3.0,3.0,1.0
2024-08-17,4.0,2.0,7.0,11.0,4.0,2.0,2.0
2024-08-18,6.0,4.0,7.0,13.0,4.0,5.0,6.0
2024-08-19,4.0,2.0,7.0,11.0,4.0,4.0,1.0
2024-08-20,4.0,4.0,7.0,13.0,5.0,3.0,1.0
2024-08-21,7.0,6.0,6.0,11.0,5.0,4.0,1.0
2024-08-22,7.0,2.0,5.0,11.0,5.0,3.0,1.0
2024-08-23,4.0,3.0,7.0,12.0,4.0,5.0,3.0
2024-08-24,4.0,2.0,7.0,11.0,5.0,4.0,3.0
2024-08-25,4.0,3.0,5.0,14.0,5.0,3.0,3.0
2024-08-26,4.0,3.0,7.0,13.0,5.0,2.0,4.0
2024-08-27,4.0,3.0,6.0,12.0,3.0,6.0,4.0
2024-08-28,5.0,2.0,7.0,10.0,5.0,5.0,2.0
2024-08-29,5.0,3.0,3.0,11.0,5.0,3.0,1.0
2024-08-30,6.0,3.0,6.0,12.0,5.0,3.0,6.0
2024-08-31,5.0,3.0,7.0,11.0,2.0,5.0,1.0
2024-09-01,,,,,,,
2024-09-02,4.0,3.0,5.0,13.0,3.0,4.0,2.0
2024-09-03,5.0,3.0,7.0,10.0,5.0,5.0,1.0
2024-09-04,4.0,3.0,1.0,13.0,5.0,2.0,5.0
2024-09-05,7.0,2.0,5.0,13.0,5.0,4.0,2.0
2024-09-06,5.0,3.0,4.0,11.0,5.0,5.0,1.0
2024-09-07,4.0,2.0,7.0,12.0,4.0,4.0,3.0
2024-09-08,4.0,3.0,7.0,11.0,5.0,3.0,2.0
2024-09-09,7.0,6.0,7.0,13.0,4.0,4.0,2.0
2024-09-10,5.0,3.0,7.0,13.0,5.0,6.0,1.0
2024-09-11,4.0,2.0,7.0,13.0,5.0,4.0,4.0
2024-09-12,8.0,3.0,7.0,12.0,4.0,3.0,1.0
2024-09-13,6.0,3.0,3.0,13.0,5.0,3.0,1.0
2024-09-14,5.0,5.0,4.0,12.0,3.0,3.0,3.0
2024-09-15,5.0,3.0,7.0,10.0,5.0,4.0,4.0
2024-09-16,4.0,3.0,7.0,10.0,5.0,4.0,1.0
2024-09-17,7.0,2.0,7.0,10.0,4.0,5.0,4.0
2024-09-18,6.0,2.0,7.0,12.0,3.0,4.0,1.0
2024-09-19,4.0,2.0,7.0,14.0,5.0,5.0,4.0
2024-09-20,4.0,2.0,2.0,11.0,2.0,3.0,3.0
2024-09-21,4.0,2.0,7.0,11.0,4.0,5.0,1.0
2024-09-22,4.0,3.0,3.0,11.0,5.0,4.0,3.0
2024-09-23,5.0,2.0,7.0,12.0,5.0,2.0,3.0
2024-09-24,7.0,3.0,7.0,11.0,5.0,3.0,3.0
2024-09-25,6.0,2.0,7.0,13.0,4.0,5.0,1.0
2024-09-26,4.0,2.0,7.0,12.0,1.0,4.0,3.0
2024-09-27,4.0,2.0,6.0,11.0,5.0,4.0,2.0
2024-09-28,5.0,2.0,2.0,12.0,2.0,4.0,1.0
2024-09-29,4.0,4.0,4.0,11.0,4.0,4.0,5.0
2024-09-30,5.0,3.0,7.0,11.0,5.0,3.0,2.0
2024-10-01,7.0,5.0,7.0,12.0,3.0,4.0,3.0
2024-10-02,4.0,2.0,6.0,11.0,4.0,5.0,2.0
2024-10-03,5.0,2.0,7.0,12.0,1.0,6.0,2.0
2024-10-04,4.0,2.0,6.0,12.0,2.0,5.0,3.0
2024-10-05,5.0,3.0,7.0,11.0,5.0,3.0,4.0
2024-10-06,4.0,5.0,7.0,14.0,3.0,5.0,1.0
2024-10-07,6.0,2.0,1.0,14.0,1.0,4.0,1.0
2024-10-08,5.0,3.0,7.0,12.0,4.0,3.0,2.0
2024-10-09,7.0,3.0,7.0,11.0,3.0,4.0,3.0
2024-10-10,4.0,,7.0,12.0,5.0,4.0,3.0
2024-10-11,4.0,3.0,7.0,13.0,5.0,6.0,3.0
2024-10-12,4.0,2.0,7.0,,3.0,3.0,1.0
2024-10-13,5.0,2.0,2.0,,3.0,3.0,1.0
2024-10-14,,2.0,7.0,12.0,4.0,3.0,3.0
2024-10-15,7.0,3.0,3.0,12.0,4.0,7.0,4.0
2024-10-16,5.0,2.0,2.0,12.0,4.0,3.0,3.0
2024-10-17,5.0,3.0,7.0,13.0,5.0,4.0,2.0
2024-10-18,4.0,2.0,6.0,12.0,1.0,5.0,1.0
2024-10-19,4.0,3.0,7.0,,1.0,5.0,5.0
2024-10-20,,,,13.0,5.0,4.0,2.0
2024-10-21,4.0,4.0,7.0,12.0,4.0,4.0,1.0
2024-10-22,4.0,2.0,2.0,12.0,5.0,4.0,1.0
2024-10-23,5.0,5.0,5.0,,2.0,5.0,7.0
2024-10-24,4.0,4.0,7.0,,4.0,3.0,1.0
2024-10-25,5.0,2.0,7.0,,3.0,4.0,1.0
2024-10-26,4.0,3.0,7.0,,5.0,6.0,1.0
2024-10-27,4.0,3.0,7.0,,5.0,3.0,4.0
2024-10-28,6.0,3.0,6.0,,5.0,5.0,1.0
2024-10-29,5.0,3.0,5.0,,5.0,4.0,3.0
2024-10-30,6.0,2.0,7.0,,3.0,2.0,3.0
2024-10-31,5.0,2.0,6.0,,3.0,3.0,2.0
2024-11-01,7.0,2.0,7.0,,4.0,5.0,1.0
2024-11-02,5.0,2.0,,,4.0,4.0,1.0
2024-11-03,4.0,3.0,4.0,,5.0,5.0,3.0
2024-11-04,5.0,3.0,4.0,,4.0,4.0,2.0
2024-11-05,,3.0,3.0,,5.0,,1.0
2024-11-06,,3.0,7.0,,3.0,,3.0
2024-11-07,,2.0,7.0,,2.0,,2.0
2024-11-08,,2.0,5.0,,5.0,,2.0
2024-11-09,,3.0,6.0,,5.0,,4.0
2024-11-10,,4.0,7.0,,0.0,,3.0
2024-11-11,,3.0,7.0,,3.0,,2.0
2024-11-12,4.0,3.0,3.0,,2.0,4.0,1.0
2024-11-13,5.0,3.0,7.0,,4.0,5.0,5.0
2024-11-14,4.0,5.0,1.0,,5.0,5.0,1.0
2024-11-15,4.0,2.0,2.0,,5.0,4.0,1.0
2024-11-16,5.0,3.0,7.0,,4.0,4.0,2.0
2024-11-17,4.0,2.0,4.0,,5.0,5.0,1.0
